"DESCRIPTION","DURATION IN MS","NAME","PARENT SUITE","START TIME","STATUS","STOP TIME","SUB SUITE","SUITE","TEST CLASS","TEST METHOD"
"As a first home buyer
  I want to know if I am eligible for Help to Buy
  So that I can consider the shared equity option","778","Individual over $100k income cap is not eligible for Help to Buy","","2026-09-27","passed","2026-09-27","","","",""
"As a first home buyer
  I want to know if I am eligible for Help to Buy
  So that I can consider the shared equity option","769","Eligible individual under income cap is approved for Help to Buy","","2026-09-27","passed","2026-09-27","","","",""
"As a first home buyer
  I want to know if I am eligible for Help to Buy
  So that I can consider the shared equity option","818","Permanent Resident is not eligible for Help to Buy","","2026-09-27","passed","2026-09-27","","","",""
"As a first home buyer
  I want to know if I am eligible for Help to Buy
  So that I can consider the shared equity option","784","WA buyer is not eligible — state not participating","","2026-09-27","passed","2026-09-27","","","",""
"As a first home buyer
  I want to know if I am eligible for the First Home Owner Grant
  So that I can include it in my deposit planning","772","QLD new home after FHOG reversion receives $15,000 grant","","2026-09-27","passed","2026-09-27","","","",""
"As a first home buyer in Queensland
  I want to know how much stamp duty I will pay
  So that I can accurately plan my upfront costs","778","New build under $750k receives full stamp duty exemption","","2026-09-27","passed","2026-09-27","","","",""
"As a first home buyer
  I want to know if I am eligible for the First Home Owner Grant
  So that I can include it in my deposit planning","764","Permanent Resident is also eligible for FHOG","","2026-09-27","passed","2026-09-27","","","",""
"As a first home buyer
  I want to know if I am eligible for the First Home Owner Grant
  So that I can include it in my deposit planning","1597","QLD new home before FHOG reversion receives $30,000 grant","","2026-09-27","passed","2026-09-27","","","",""
"As a first home buyer in Queensland
  I want to know how much stamp duty I will pay
  So that I can accurately plan my upfront costs","738","Established home over $700k receives stamp duty charge","","2026-09-27","passed","2026-09-27","","","",""
